date,sha,dirty,benchmark,n,cap,verb,calls,allocations,bytes,nanos
2026-09-07,78fbf177,false,birth_chain,8,64,create,8,0,0,2589
2026-09-07,78fbf177,false,birth_chain,8,64,release,8,0,0,5300
2026-09-07,78fbf177,false,birth_chain,32,64,create,32,0,0,12701
2026-09-07,78fbf177,false,birth_chain,32,64,release,32,0,0,22106
2026-09-07,78fbf177,false,fan_out,4,64,alloc,8,1,496,4727
2026-09-07,78fbf177,false,fan_out,4,64,alloc_into,2,1,496,8044
2026-09-07,78fbf177,false,fan_out,4,64,create,2,0,0,337
2026-09-07,78fbf177,false,fan_out,4,64,enter,3,0,0,5002
2026-09-07,78fbf177,false,fan_out,4,64,harness,4,4,512,1139
2026-09-07,78fbf177,false,fan_out,4,64,keep,2,1,128,745
2026-09-07,78fbf177,false,fan_out,4,64,read,2,0,0,266
2026-09-07,78fbf177,false,fan_out,4,64,redeem,2,0,0,816
2026-09-07,78fbf177,false,fan_out,4,64,release,2,1,96,4507
2026-09-07,78fbf177,false,fan_out,16,64,alloc,32,1,496,16490
2026-09-07,78fbf177,false,fan_out,16,64,alloc_into,2,1,496,18737
2026-09-07,78fbf177,false,fan_out,16,64,create,2,0,0,345
2026-09-07,78fbf177,false,fan_out,16,64,enter,3,0,0,10377
2026-09-07,78fbf177,false,fan_out,16,64,harness,4,4,2048,1515
2026-09-07,78fbf177,false,fan_out,16,64,keep,2,1,128,743
2026-09-07,78fbf177,false,fan_out,16,64,read,2,0,0,265
2026-09-07,78fbf177,false,fan_out,16,64,redeem,2,0,0,836
2026-09-07,78fbf177,false,fan_out,16,64,release,2,1,96,4544
2026-09-07,78fbf177,false,keep_redeem,16,64,alloc,17,1,496,10233
2026-09-07,78fbf177,false,keep_redeem,16,64,create,1,0,0,180
2026-09-07,78fbf177,false,keep_redeem,16,64,enter,17,0,0,13842
2026-09-07,78fbf177,false,keep_redeem,16,64,keep,17,1,128,6338
2026-09-07,78fbf177,false,keep_redeem,16,64,read,16,0,0,2216
2026-09-07,78fbf177,false,keep_redeem,16,64,redeem,16,0,0,6512
2026-09-07,78fbf177,false,keep_redeem,16,64,release,1,0,0,961
2026-09-07,78fbf177,false,keep_redeem,64,64,alloc,65,1,496,37574
2026-09-07,78fbf177,false,keep_redeem,64,64,create,1,0,0,183
2026-09-07,78fbf177,false,keep_redeem,64,64,enter,65,0,0,53652
2026-09-07,78fbf177,false,keep_redeem,64,64,keep,65,1,128,24394
2026-09-07,78fbf177,false,keep_redeem,64,64,read,64,0,0,8912
2026-09-07,78fbf177,false,keep_redeem,64,64,redeem,64,0,0,25582
2026-09-07,78fbf177,false,keep_redeem,64,64,release,1,0,0,976
2026-09-07,78fbf177,false,keep_shapes,8,64,alloc,8,8,3968,8495
2026-09-07,78fbf177,false,keep_shapes,8,64,alloc_into,8,1,496,20904
2026-09-07,78fbf177,false,keep_shapes,8,64,create,9,0,0,2052
2026-09-07,78fbf177,false,keep_shapes,8,64,enter,9,0,0,8693
2026-09-07,78fbf177,false,keep_shapes,8,64,keep,8,2,384,2558
2026-09-07,78fbf177,false,keep_shapes,8,64,read,8,0,0,1030
2026-09-07,78fbf177,false,keep_shapes,8,64,redeem,8,0,0,3112
2026-09-07,78fbf177,false,keep_shapes,8,64,release,9,2,288,30700
2026-09-07,78fbf177,false,keep_shapes,32,64,alloc,32,32,15872,35573
2026-09-07,78fbf177,false,keep_shapes,32,64,alloc_into,32,1,496,82050
2026-09-07,78fbf177,false,keep_shapes,32,64,create,33,0,0,7785
2026-09-07,78fbf177,false,keep_shapes,32,64,enter,33,0,0,32928
2026-09-07,78fbf177,false,keep_shapes,32,64,keep,32,4,1920,14474
2026-09-07,78fbf177,false,keep_shapes,32,64,read,32,0,0,4086
2026-09-07,78fbf177,false,keep_shapes,32,64,redeem,32,0,0,11682
2026-09-07,78fbf177,false,keep_shapes,32,64,release,33,4,1440,133959
2026-09-07,78fbf177,false,pull_chain,8,64,alloc,8,8,3968,8510
2026-09-07,78fbf177,false,pull_chain,8,64,create,9,0,0,2017
2026-09-07,78fbf177,false,pull_chain,8,64,enter,17,0,0,10260
2026-09-07,78fbf177,false,pull_chain,8,64,hold,8,0,0,4134
2026-09-07,78fbf177,false,pull_chain,8,64,keep,8,8,1024,2375
2026-09-07,78fbf177,false,pull_chain,8,64,read,8,0,0,1024
2026-09-07,78fbf177,false,pull_chain,8,64,redeem,8,0,0,3998
2026-09-07,78fbf177,false,pull_chain,8,64,release,9,4,480,39709
2026-09-07,78fbf177,false,pull_chain,32,64,alloc,32,32,15872,35843
2026-09-07,78fbf177,false,pull_chain,32,64,create,33,0,0,7755
2026-09-07,78fbf177,false,pull_chain,32,64,enter,65,0,0,38864
2026-09-07,78fbf177,false,pull_chain,32,64,hold,32,0,0,16525
2026-09-07,78fbf177,false,pull_chain,32,64,keep,32,32,4096,9498
2026-09-07,78fbf177,false,pull_chain,32,64,read,32,0,0,4046
2026-09-07,78fbf177,false,pull_chain,32,64,redeem,32,0,0,18318
2026-09-07,78fbf177,false,pull_chain,32,64,release,33,8,2400,157932
2026-09-07,78fbf177,false,push_chain,8,64,alloc,8,8,3968,8613
2026-09-07,78fbf177,false,push_chain,8,64,alloc_into,8,1,496,21036
2026-09-07,78fbf177,false,push_chain,8,64,create,9,0,0,2064
2026-09-07,78fbf177,false,push_chain,8,64,enter,9,0,0,8747
2026-09-07,78fbf177,false,push_chain,8,64,keep,8,2,384,2660
2026-09-07,78fbf177,false,push_chain,8,64,read,8,0,0,1056
2026-09-07,78fbf177,false,push_chain,8,64,redeem,8,0,0,3160
2026-09-07,78fbf177,false,push_chain,8,64,release,9,2,288,30160
2026-09-07,78fbf177,false,push_chain,32,64,alloc,32,32,15872,35360
2026-09-07,78fbf177,false,push_chain,32,64,alloc_into,32,1,496,82078
2026-09-07,78fbf177,false,push_chain,32,64,create,33,0,0,7975
2026-09-07,78fbf177,false,push_chain,32,64,enter,33,0,0,32965
2026-09-07,78fbf177,false,push_chain,32,64,keep,32,4,1920,14950
2026-09-07,78fbf177,false,push_chain,32,64,read,32,0,0,4203
2026-09-07,78fbf177,false,push_chain,32,64,redeem,32,0,0,11892
2026-09-07,78fbf177,false,push_chain,32,64,release,33,4,1440,121444
2026-09-07,78fbf177,false,shared_subtier,8,64,alloc,8,8,3968,8761
2026-09-07,78fbf177,false,shared_subtier,8,64,alloc_into,1,3,592,8542
2026-09-07,78fbf177,false,shared_subtier,8,64,create,10,0,0,1518
2026-09-07,78fbf177,false,shared_subtier,8,64,enter,11,0,0,10220
2026-09-07,78fbf177,false,shared_subtier,8,64,harness,2,2,512,607
2026-09-07,78fbf177,false,shared_subtier,8,64,hold,16,0,0,6564
2026-09-07,78fbf177,false,shared_subtier,8,64,keep,9,9,1152,2734
2026-09-07,78fbf177,false,shared_subtier,8,64,read,8,0,0,1031
2026-09-07,78fbf177,false,shared_subtier,8,64,redeem,8,0,0,3655
2026-09-07,78fbf177,false,shared_subtier,8,64,release,10,4,192,44676
2026-09-07,78fbf177,false,shared_subtier,32,64,alloc,32,32,15872,36032
2026-09-07,78fbf177,false,shared_subtier,32,64,alloc_into,1,5,976,27467
2026-09-07,78fbf177,false,shared_subtier,32,64,create,34,0,0,4903
2026-09-07,78fbf177,false,shared_subtier,32,64,enter,35,0,0,35398
2026-09-07,78fbf177,false,shared_subtier,32,64,harness,2,2,2048,1119
2026-09-07,78fbf177,false,shared_subtier,32,64,hold,64,0,0,24930
2026-09-07,78fbf177,false,shared_subtier,32,64,keep,33,33,4224,10673
2026-09-07,78fbf177,false,shared_subtier,32,64,read,32,0,0,4095
2026-09-07,78fbf177,false,shared_subtier,32,64,redeem,32,0,0,14387
2026-09-07,78fbf177,false,shared_subtier,32,64,release,34,8,960,173844
2026-09-07,78fbf177,false,tree_chain,64,64,alloc,64,1,496,38956
2026-09-07,78fbf177,false,tree_chain,64,64,alloc_into,64,64,31744,137188
2026-09-07,78fbf177,false,tree_chain,64,64,create,1,0,0,178
2026-09-07,78fbf177,false,tree_chain,64,64,create_tree,64,5,19840,15274
2026-09-07,78fbf177,false,tree_chain,64,64,enter,1,0,0,576
2026-09-07,78fbf177,false,tree_chain,64,64,enter/tree,64,0,0,65620
2026-09-07,78fbf177,false,tree_chain,64,64,keep,64,1,128,15753
2026-09-07,78fbf177,false,tree_chain,64,64,read,64,0,0,8631
2026-09-07,78fbf177,false,tree_chain,64,64,redeem,64,0,0,16377
2026-09-07,78fbf177,false,tree_chain,64,64,release,1,4,480,9998
2026-09-07,78fbf177,false,tree_chain,64,64,release_tree,64,6,2992,38281
2026-09-07,78fbf177,false,tree_chain,256,64,alloc,256,1,496,153842
2026-09-07,78fbf177,false,tree_chain,256,64,alloc_into,256,256,126976,546684
2026-09-07,78fbf177,false,tree_chain,256,64,create,1,0,0,181
2026-09-07,78fbf177,false,tree_chain,256,64,create_tree,256,7,81280,58548
2026-09-07,78fbf177,false,tree_chain,256,64,enter,1,0,0,580
2026-09-07,78fbf177,false,tree_chain,256,64,enter/tree,256,0,0,263428
2026-09-07,78fbf177,false,tree_chain,256,64,keep,256,1,128,62601
2026-09-07,78fbf177,false,tree_chain,256,64,read,256,0,0,34628
2026-09-07,78fbf177,false,tree_chain,256,64,redeem,256,0,0,64710
2026-09-07,78fbf177,false,tree_chain,256,64,release,1,6,2016,34339
2026-09-07,78fbf177,false,tree_chain,256,64,release_tree,256,8,12208,149756
2026-09-17,0ee05c26,false,fan_out,4,64,alloc,8,1,496,1501
2026-09-17,0ee05c26,false,fan_out,4,64,alloc_into,2,1,496,3298
2026-09-17,0ee05c26,false,fan_out,4,64,create,2,0,0,174
2026-09-17,0ee05c26,false,fan_out,4,64,enter,3,0,0,2340
2026-09-17,0ee05c26,false,fan_out,4,64,harness,4,4,512,524
2026-09-17,0ee05c26,false,fan_out,4,64,keep,2,1,128,318
2026-09-17,0ee05c26,false,fan_out,4,64,read,2,0,0,115
2026-09-17,0ee05c26,false,fan_out,4,64,redeem,2,0,0,378
2026-09-17,0ee05c26,false,fan_out,4,64,release,2,1,96,2031
2026-09-17,0ee05c26,false,fan_out,16,64,alloc,32,1,496,5008
2026-09-17,0ee05c26,false,fan_out,16,64,alloc_into,2,1,496,7916
2026-09-17,0ee05c26,false,fan_out,16,64,create,2,0,0,175
2026-09-17,0ee05c26,false,fan_out,16,64,enter,3,0,0,4546
2026-09-17,0ee05c26,false,fan_out,16,64,harness,4,4,2048,689
2026-09-17,0ee05c26,false,fan_out,16,64,keep,2,1,128,322
2026-09-17,0ee05c26,false,fan_out,16,64,read,2,0,0,114
2026-09-17,0ee05c26,false,fan_out,16,64,redeem,2,0,0,384
2026-09-17,0ee05c26,false,fan_out,16,64,release,2,1,96,2029
2026-09-17,0ee05c26,false,keep_redeem,16,64,alloc,17,1,496,3334
2026-09-17,0ee05c26,false,keep_redeem,16,64,create,1,0,0,93
2026-09-17,0ee05c26,false,keep_redeem,16,64,enter,17,0,0,6879
2026-09-17,0ee05c26,false,keep_redeem,16,64,keep,17,1,128,2634
2026-09-17,0ee05c26,false,keep_redeem,16,64,read,16,0,0,897
2026-09-17,0ee05c26,false,keep_redeem,16,64,redeem,16,0,0,2847
2026-09-17,0ee05c26,false,keep_redeem,16,64,release,1,0,0,462
2026-09-17,0ee05c26,false,keep_redeem,64,64,alloc,65,1,496,12176
2026-09-17,0ee05c26,false,keep_redeem,64,64,create,1,0,0,94
2026-09-17,0ee05c26,false,keep_redeem,64,64,enter,65,0,0,26568
2026-09-17,0ee05c26,false,keep_redeem,64,64,keep,65,1,128,10084
2026-09-17,0ee05c26,false,keep_redeem,64,64,read,64,0,0,3583
2026-09-17,0ee05c26,false,keep_redeem,64,64,redeem,64,0,0,11200
2026-09-17,0ee05c26,false,keep_redeem,64,64,release,1,0,0,461
2026-09-17,0ee05c26,false,keep_shapes,8,64,alloc,8,8,3968,3005
2026-09-17,0ee05c26,false,keep_shapes,8,64,alloc_into,8,1,496,8768
2026-09-17,0ee05c26,false,keep_shapes,8,64,create,9,0,0,1019
2026-09-17,0ee05c26,false,keep_shapes,8,64,enter,9,0,0,4239
2026-09-17,0ee05c26,false,keep_shapes,8,64,keep,8,2,384,1081
2026-09-17,0ee05c26,false,keep_shapes,8,64,read,8,0,0,435
2026-09-17,0ee05c26,false,keep_shapes,8,64,redeem,8,0,0,1279
2026-09-17,0ee05c26,false,keep_shapes,8,64,release,9,2,288,13302
2026-09-17,0ee05c26,false,keep_shapes,32,64,alloc,32,32,15872,12754
2026-09-17,0ee05c26,false,keep_shapes,32,64,alloc_into,32,1,496,34409
2026-09-17,0ee05c26,false,keep_shapes,32,64,create,33,0,0,3910
2026-09-17,0ee05c26,false,keep_shapes,32,64,enter,33,0,0,15787
2026-09-17,0ee05c26,false,keep_shapes,32,64,keep,32,4,1920,6004
2026-09-17,0ee05c26,false,keep_shapes,32,64,read,32,0,0,1723
2026-09-17,0ee05c26,false,keep_shapes,32,64,redeem,32,0,0,4650
2026-09-17,0ee05c26,false,keep_shapes,32,64,release,33,4,1440,57373
2026-09-17,0ee05c26,false,pull_chain,8,64,alloc,8,8,3968,3010
2026-09-17,0ee05c26,false,pull_chain,8,64,create,9,0,0,1014
2026-09-17,0ee05c26,false,pull_chain,8,64,enter,17,0,0,5384
2026-09-17,0ee05c26,false,pull_chain,8,64,hold,8,0,0,1724
2026-09-17,0ee05c26,false,pull_chain,8,64,keep,8,8,1024,1048
2026-09-17,0ee05c26,false,pull_chain,8,64,read,8,0,0,437
2026-09-17,0ee05c26,false,pull_chain,8,64,redeem,8,0,0,1773
2026-09-17,0ee05c26,false,pull_chain,8,64,release,9,4,480,17274
2026-09-17,0ee05c26,false,pull_chain,32,64,alloc,32,32,15872,12712
2026-09-17,0ee05c26,false,pull_chain,32,64,create,33,0,0,3883
2026-09-17,0ee05c26,false,pull_chain,32,64,enter,65,0,0,20520
2026-09-17,0ee05c26,false,pull_chain,32,64,hold,32,0,0,6821
2026-09-17,0ee05c26,false,pull_chain,32,64,keep,32,32,4096,4227
2026-09-17,0ee05c26,false,pull_chain,32,64,read,32,0,0,1736
2026-09-17,0ee05c26,false,pull_chain,32,64,redeem,32,0,0,7981
2026-09-17,0ee05c26,false,pull_chain,32,64,release,33,8,2400,67849
2026-09-17,0ee05c26,false,push_chain,8,64,alloc,8,8,3968,2998
2026-09-17,0ee05c26,false,push_chain,8,64,alloc_into,8,1,496,8739
2026-09-17,0ee05c26,false,push_chain,8,64,create,9,0,0,1037
2026-09-17,0ee05c26,false,push_chain,8,64,enter,9,0,0,4176
2026-09-17,0ee05c26,false,push_chain,8,64,keep,8,2,384,1060
2026-09-17,0ee05c26,false,push_chain,8,64,read,8,0,0,434
2026-09-17,0ee05c26,false,push_chain,8,64,redeem,8,0,0,1268
2026-09-17,0ee05c26,false,push_chain,8,64,release,9,2,288,12851
2026-09-17,0ee05c26,false,push_chain,32,64,alloc,32,32,15872,12479
2026-09-17,0ee05c26,false,push_chain,32,64,alloc_into,32,1,496,34168
2026-09-17,0ee05c26,false,push_chain,32,64,create,33,0,0,3976
2026-09-17,0ee05c26,false,push_chain,32,64,enter,33,0,0,15669
2026-09-17,0ee05c26,false,push_chain,32,64,keep,32,4,1920,6021
2026-09-17,0ee05c26,false,push_chain,32,64,read,32,0,0,1706
2026-09-17,0ee05c26,false,push_chain,32,64,redeem,32,0,0,4683
2026-09-17,0ee05c26,false,push_chain,32,64,release,33,4,1440,51425
2026-09-17,0ee05c26,false,shared_subtier,8,64,alloc,8,8,3968,2958
2026-09-17,0ee05c26,false,shared_subtier,8,64,alloc_into,1,3,592,3609
2026-09-17,0ee05c26,false,shared_subtier,8,64,create,10,0,0,768
2026-09-17,0ee05c26,false,shared_subtier,8,64,enter,11,0,0,5011
2026-09-17,0ee05c26,false,shared_subtier,8,64,harness,2,2,512,285
2026-09-17,0ee05c26,false,shared_subtier,8,64,hold,16,0,0,2939
2026-09-17,0ee05c26,false,shared_subtier,8,64,keep,9,9,1152,1233
2026-09-17,0ee05c26,false,shared_subtier,8,64,read,8,0,0,436
2026-09-17,0ee05c26,false,shared_subtier,8,64,redeem,8,0,0,1691
2026-09-17,0ee05c26,false,shared_subtier,8,64,release,10,4,192,19376
2026-09-17,0ee05c26,false,shared_subtier,32,64,alloc,32,32,15872,12261
2026-09-17,0ee05c26,false,shared_subtier,32,64,alloc_into,1,5,976,11936
2026-09-17,0ee05c26,false,shared_subtier,32,64,create,34,0,0,2501
2026-09-17,0ee05c26,false,shared_subtier,32,64,enter,35,0,0,17183
2026-09-17,0ee05c26,false,shared_subtier,32,64,harness,2,2,2048,524
2026-09-17,0ee05c26,false,shared_subtier,32,64,hold,64,0,0,11108
2026-09-17,0ee05c26,false,shared_subtier,32,64,keep,33,33,4224,4791
2026-09-17,0ee05c26,false,shared_subtier,32,64,read,32,0,0,1733
2026-09-17,0ee05c26,false,shared_subtier,32,64,redeem,32,0,0,6544
2026-09-17,0ee05c26,false,shared_subtier,32,64,release,34,8,960,74928
2026-09-17,0ee05c26,false,tail_hop,16,64,alloc,16,2,992,10646
2026-09-17,0ee05c26,false,tail_hop,16,64,create,17,0,0,1701
2026-09-17,0ee05c26,false,tail_hop,16,64,enter,16,0,0,3900
2026-09-17,0ee05c26,false,tail_hop,16,64,release,17,0,0,6949
2026-09-17,0ee05c26,false,tail_hop,16,64,resident,1,0,57808,1
2026-09-17,0ee05c26,false,tail_hop,64,64,alloc,64,2,992,41438
2026-09-17,0ee05c26,false,tail_hop,64,64,create,65,0,0,6507
2026-09-17,0ee05c26,false,tail_hop,64,64,enter,64,0,0,15557
2026-09-17,0ee05c26,false,tail_hop,64,64,release,65,0,0,26293
2026-09-17,0ee05c26,false,tail_hop,64,64,resident,1,0,57808,1
2026-09-17,0ee05c26,false,tree_chain,64,64,alloc,64,1,496,12398
2026-09-17,0ee05c26,false,tree_chain,64,64,alloc_into,64,64,31744,58999
2026-09-17,0ee05c26,false,tree_chain,64,64,create,1,0,0,94
2026-09-17,0ee05c26,false,tree_chain,64,64,create_tree,64,0,0,7204
2026-09-17,0ee05c26,false,tree_chain,64,64,enter,1,0,0,306
2026-09-17,0ee05c26,false,tree_chain,64,64,enter/tree,64,0,0,32498
2026-09-17,0ee05c26,false,tree_chain,64,64,keep,64,1,128,6399
2026-09-17,0ee05c26,false,tree_chain,64,64,read,64,0,0,3710
2026-09-17,0ee05c26,false,tree_chain,64,64,redeem,64,0,0,6957
2026-09-17,0ee05c26,false,tree_chain,64,64,release,1,4,480,4716
2026-09-17,0ee05c26,false,tree_chain,64,64,release_tree,64,6,2992,19006
2026-09-17,0ee05c26,false,tree_chain,256,64,alloc,256,1,496,48804
2026-09-17,0ee05c26,false,tree_chain,256,64,alloc_into,256,256,126976,235717
2026-09-17,0ee05c26,false,tree_chain,256,64,create,1,0,0,95
2026-09-17,0ee05c26,false,tree_chain,256,64,create_tree,256,6,76800,36300
2026-09-17,0ee05c26,false,tree_chain,256,64,enter,1,0,0,307
2026-09-17,0ee05c26,false,tree_chain,256,64,enter/tree,256,0,0,130491
2026-09-17,0ee05c26,false,tree_chain,256,64,keep,256,1,128,25562
2026-09-17,0ee05c26,false,tree_chain,256,64,read,256,0,0,14854
2026-09-17,0ee05c26,false,tree_chain,256,64,redeem,256,0,0,27742
2026-09-17,0ee05c26,false,tree_chain,256,64,release,1,7,5088,16795
2026-09-17,0ee05c26,false,tree_chain,256,64,release_tree,256,8,12208,74251
2026-09-18,8d89a509,false,delivery,8,64,create,9,0,0,2475
2026-09-18,8d89a509,false,delivery,8,64,deliver_scratch,8,0,0,4481
2026-09-18,8d89a509,false,delivery,8,64,enter,10,1,496,8639
2026-09-18,8d89a509,false,delivery,8,64,receipt,8,0,0,1746
2026-09-18,8d89a509,false,delivery,8,64,register_receipts,2,0,0,331
2026-09-18,8d89a509,false,delivery,8,64,release,9,0,0,6989
2026-09-18,8d89a509,false,delivery,32,64,create,33,0,0,9529
2026-09-18,8d89a509,false,delivery,32,64,deliver_scratch,32,0,0,18072
2026-09-18,8d89a509,false,delivery,32,64,enter,34,2,1504,26612
2026-09-18,8d89a509,false,delivery,32,64,receipt,32,0,0,6932
2026-09-18,8d89a509,false,delivery,32,64,register_receipts,2,0,0,334
2026-09-18,8d89a509,false,delivery,32,64,release,33,0,0,25604
2026-09-18,8d89a509,false,fan_out,4,64,alloc,8,1,496,3705
2026-09-18,8d89a509,false,fan_out,4,64,alloc_into,2,1,496,7772
2026-09-18,8d89a509,false,fan_out,4,64,create,2,0,0,423
2026-09-18,8d89a509,false,fan_out,4,64,enter,3,0,0,5787
2026-09-18,8d89a509,false,fan_out,4,64,harness,4,4,512,1264
2026-09-18,8d89a509,false,fan_out,4,64,keep,2,1,128,761
2026-09-18,8d89a509,false,fan_out,4,64,read,2,0,0,273
2026-09-18,8d89a509,false,fan_out,4,64,redeem,2,0,0,915
2026-09-18,8d89a509,false,fan_out,4,64,release,2,1,96,4835
2026-09-18,8d89a509,false,fan_out,16,64,alloc,32,1,496,12058
2026-09-18,8d89a509,false,fan_out,16,64,alloc_into,2,1,496,18561
2026-09-18,8d89a509,false,fan_out,16,64,create,2,0,0,418
2026-09-18,8d89a509,false,fan_out,16,64,enter,3,0,0,10894
2026-09-18,8d89a509,false,fan_out,16,64,harness,4,4,2048,1647
2026-09-18,8d89a509,false,fan_out,16,64,keep,2,1,128,767
2026-09-18,8d89a509,false,fan_out,16,64,read,2,0,0,271
2026-09-18,8d89a509,false,fan_out,16,64,redeem,2,0,0,889
2026-09-18,8d89a509,false,fan_out,16,64,release,2,1,96,4846
2026-09-18,8d89a509,false,keep_redeem,16,64,alloc,17,1,496,8410
2026-09-18,8d89a509,false,keep_redeem,16,64,create,1,0,0,226
2026-09-18,8d89a509,false,keep_redeem,16,64,enter,17,0,0,17156
2026-09-18,8d89a509,false,keep_redeem,16,64,keep,17,1,128,6342
2026-09-18,8d89a509,false,keep_redeem,16,64,read,16,0,0,2235
2026-09-18,8d89a509,false,keep_redeem,16,64,redeem,16,0,0,7051
2026-09-18,8d89a509,false,keep_redeem,16,64,release,1,0,0,1111
2026-09-18,8d89a509,false,keep_redeem,64,64,alloc,65,1,496,30738
2026-09-18,8d89a509,false,keep_redeem,64,64,create,1,0,0,233
2026-09-18,8d89a509,false,keep_redeem,64,64,enter,65,0,0,66346
2026-09-18,8d89a509,false,keep_redeem,64,64,keep,65,1,128,24559
2026-09-18,8d89a509,false,keep_redeem,64,64,read,64,0,0,9015
2026-09-18,8d89a509,false,keep_redeem,64,64,redeem,64,0,0,27603
2026-09-18,8d89a509,false,keep_redeem,64,64,release,1,0,0,1121
2026-09-18,8d89a509,false,keep_shapes,8,64,alloc,8,8,3968,7437
2026-09-18,8d89a509,false,keep_shapes,8,64,alloc_into,8,1,496,20811
2026-09-18,8d89a509,false,keep_shapes,8,64,create,9,0,0,2449
2026-09-18,8d89a509,false,keep_shapes,8,64,enter,9,0,0,10450
2026-09-18,8d89a509,false,keep_shapes,8,64,keep,8,2,384,2571
2026-09-18,8d89a509,false,keep_shapes,8,64,read,8,0,0,1051
2026-09-18,8d89a509,false,keep_shapes,8,64,redeem,8,0,0,3408
2026-09-18,8d89a509,false,keep_shapes,8,64,release,9,2,288,31490
2026-09-18,8d89a509,false,keep_shapes,32,64,alloc,32,32,15872,31045
2026-09-18,8d89a509,false,keep_shapes,32,64,alloc_into,32,1,496,81665
2026-09-18,8d89a509,false,keep_shapes,32,64,create,33,0,0,9275
2026-09-18,8d89a509,false,keep_shapes,32,64,enter,33,0,0,39306
2026-09-18,8d89a509,false,keep_shapes,32,64,keep,32,4,1920,13895
2026-09-18,8d89a509,false,keep_shapes,32,64,read,32,0,0,4178
2026-09-18,8d89a509,false,keep_shapes,32,64,redeem,32,0,0,11861
2026-09-18,8d89a509,false,keep_shapes,32,64,release,33,4,1440,133835
2026-09-18,8d89a509,false,pull_chain,8,64,alloc,8,8,3968,7529
2026-09-18,8d89a509,false,pull_chain,8,64,create,9,0,0,2424
2026-09-18,8d89a509,false,pull_chain,8,64,enter,17,0,0,13270
2026-09-18,8d89a509,false,pull_chain,8,64,hold,8,0,0,4106
2026-09-18,8d89a509,false,pull_chain,8,64,keep,8,8,1024,2517
2026-09-18,8d89a509,false,pull_chain,8,64,read,8,0,0,1039
2026-09-18,8d89a509,false,pull_chain,8,64,redeem,8,0,0,4077
2026-09-18,8d89a509,false,pull_chain,8,64,release,9,4,480,40760
2026-09-18,8d89a509,false,pull_chain,32,64,alloc,32,32,15872,31115
2026-09-18,8d89a509,false,pull_chain,32,64,create,33,0,0,9251
2026-09-18,8d89a509,false,pull_chain,32,64,enter,65,0,0,50953
2026-09-18,8d89a509,false,pull_chain,32,64,hold,32,0,0,16343
2026-09-18,8d89a509,false,pull_chain,32,64,keep,32,32,4096,9979
2026-09-18,8d89a509,false,pull_chain,32,64,read,32,0,0,4137
2026-09-18,8d89a509,false,pull_chain,32,64,redeem,32,0,0,18824
2026-09-18,8d89a509,false,pull_chain,32,64,release,33,8,2400,162566
2026-09-18,8d89a509,false,push_chain,8,64,alloc,8,8,3968,7746
2026-09-18,8d89a509,false,push_chain,8,64,alloc_into,8,1,496,20817
2026-09-18,8d89a509,false,push_chain,8,64,create,9,0,0,2435
2026-09-18,8d89a509,false,push_chain,8,64,enter,9,0,0,10603
2026-09-18,8d89a509,false,push_chain,8,64,keep,8,2,384,2594
2026-09-18,8d89a509,false,push_chain,8,64,read,8,0,0,1047
2026-09-18,8d89a509,false,push_chain,8,64,redeem,8,0,0,3373
2026-09-18,8d89a509,false,push_chain,8,64,release,9,2,288,30678
2026-09-18,8d89a509,false,push_chain,32,64,alloc,32,32,15872,31342
2026-09-18,8d89a509,false,push_chain,32,64,alloc_into,32,1,496,81323
2026-09-18,8d89a509,false,push_chain,32,64,create,33,0,0,9285
2026-09-18,8d89a509,false,push_chain,32,64,enter,33,0,0,39694
2026-09-18,8d89a509,false,push_chain,32,64,keep,32,4,1920,14510
2026-09-18,8d89a509,false,push_chain,32,64,read,32,0,0,4151
2026-09-18,8d89a509,false,push_chain,32,64,redeem,32,0,0,11850
2026-09-18,8d89a509,false,push_chain,32,64,release,33,4,1440,122586
2026-09-18,8d89a509,false,shared_subtier,8,64,alloc,8,8,3968,7225
2026-09-18,8d89a509,false,shared_subtier,8,64,alloc_into,1,3,592,8619
2026-09-18,8d89a509,false,shared_subtier,8,64,create,10,0,0,1805
2026-09-18,8d89a509,false,shared_subtier,8,64,enter,11,0,0,12293
2026-09-18,8d89a509,false,shared_subtier,8,64,harness,2,2,512,683
2026-09-18,8d89a509,false,shared_subtier,8,64,hold,16,0,0,6726
2026-09-18,8d89a509,false,shared_subtier,8,64,keep,9,9,1152,2957
2026-09-18,8d89a509,false,shared_subtier,8,64,read,8,0,0,1110
2026-09-18,8d89a509,false,shared_subtier,8,64,redeem,8,0,0,3945
2026-09-18,8d89a509,false,shared_subtier,8,64,release,10,4,192,45656
2026-09-18,8d89a509,false,shared_subtier,32,64,alloc,32,32,15872,30649
2026-09-18,8d89a509,false,shared_subtier,32,64,alloc_into,1,5,976,27780
2026-09-18,8d89a509,false,shared_subtier,32,64,create,34,0,0,5864
2026-09-18,8d89a509,false,shared_subtier,32,64,enter,35,0,0,42485
2026-09-18,8d89a509,false,shared_subtier,32,64,harness,2,2,2048,1181
2026-09-18,8d89a509,false,shared_subtier,32,64,hold,64,0,0,26223
2026-09-18,8d89a509,false,shared_subtier,32,64,keep,33,33,4224,11709
2026-09-18,8d89a509,false,shared_subtier,32,64,read,32,0,0,4332
2026-09-18,8d89a509,false,shared_subtier,32,64,redeem,32,0,0,15843
2026-09-18,8d89a509,false,shared_subtier,32,64,release,34,8,960,178232
2026-09-18,8d89a509,false,tail_hop,16,64,alloc,16,2,992,24627
2026-09-18,8d89a509,false,tail_hop,16,64,create,17,0,0,4103
2026-09-18,8d89a509,false,tail_hop,16,64,enter,16,0,0,10093
2026-09-18,8d89a509,false,tail_hop,16,64,release,17,0,0,16461
2026-09-18,8d89a509,false,tail_hop,16,64,resident,1,0,65488,1
2026-09-18,8d89a509,false,tail_hop,64,64,alloc,64,2,992,95580
2026-09-18,8d89a509,false,tail_hop,64,64,create,65,0,0,15727
2026-09-18,8d89a509,false,tail_hop,64,64,enter,64,0,0,39564
2026-09-18,8d89a509,false,tail_hop,64,64,release,65,0,0,62621
2026-09-18,8d89a509,false,tail_hop,64,64,resident,1,0,65488,1
2026-09-18,8d89a509,false,tree_chain,64,64,alloc,64,1,496,30761
2026-09-18,8d89a509,false,tree_chain,64,64,alloc_into,64,64,31744,145748
2026-09-18,8d89a509,false,tree_chain,64,64,create,1,0,0,229
2026-09-18,8d89a509,false,tree_chain,64,64,create_tree,64,0,0,17737
2026-09-18,8d89a509,false,tree_chain,64,64,enter,1,0,0,787
2026-09-18,8d89a509,false,tree_chain,64,64,enter/tree,64,0,0,83964
2026-09-18,8d89a509,false,tree_chain,64,64,keep,64,1,128,15410
2026-09-18,8d89a509,false,tree_chain,64,64,read,64,0,0,8873
2026-09-18,8d89a509,false,tree_chain,64,64,redeem,64,0,0,16933
2026-09-18,8d89a509,false,tree_chain,64,64,release,1,4,480,12666
2026-09-18,8d89a509,false,tree_chain,64,64,release_tree,64,6,2992,45604
2026-09-18,8d89a509,false,tree_chain,256,64,alloc,256,1,496,122496
2026-09-18,8d89a509,false,tree_chain,256,64,alloc_into,256,256,126976,593205
2026-09-18,8d89a509,false,tree_chain,256,64,create,1,0,0,257
2026-09-18,8d89a509,false,tree_chain,256,64,create_tree,256,6,92160,89253
2026-09-18,8d89a509,false,tree_chain,256,64,enter,1,0,0,906
2026-09-18,8d89a509,false,tree_chain,256,64,enter/tree,256,0,0,340818
2026-09-18,8d89a509,false,tree_chain,256,64,keep,256,1,128,61449
2026-09-18,8d89a509,false,tree_chain,256,64,read,256,0,0,35984
2026-09-18,8d89a509,false,tree_chain,256,64,redeem,256,0,0,67174
2026-09-18,8d89a509,false,tree_chain,256,64,release,1,7,5088,54924
2026-09-18,8d89a509,false,tree_chain,256,64,release_tree,256,8,12208,178279
